Container Rental,تأجير الحاويات
Container Rental Management System,نظام إدارة ومتابعة تأجير الحاويات
Container,حاوية
CR Employee,موظف
Truck,شاحنة
Rental Branch,فرع
Container Classification,تصنيف الحاويات
Cash Box,خزينة
Container Order,طلب حاوية
Container Contract,عقد تأجير حاويات
Container Delivery,توصيل حاوية
Container Unload,تفريغ حاوية
Container Withdrawal,سحب حاوية
Rental Record,سجل تأجير
Driver Commission Entry,قيد عمولة سائق
Contract Monthly Invoice,فاتورة شهرية للعقد
Monthly Invoice Line,بند فاتورة شهرية
Contract Item,بند تعاقد
Contract Payment,دفعة عقد
Client Address,عنوان عميل
Order Container Item,حاوية إضافية بالطلب
Truck License,ترخيص شاحنة
Truck Maintenance Log,سجل صيانة شاحنة
Container Rental Settings,إعدادات نظام تأجير الحاويات
Contract Report,تقرير العقود
Overdue Containers Report,تقرير الحاويات المتأخرة
General Containers Report,التقرير العام للحاويات
Driver Commissions Report,تقرير عمولات السائقين
Maintenance Report,تقرير متابعة الصيانة
Employee Alerts Report,تقرير تنبيهات الموظفين
Truck Alerts Report,تقرير تنبيهات الشاحنات
Expenses Report,تقرير المصروفات
Monthly Invoices Report,تقرير الفواتير الشهرية للعقود
Customer Service,خدمة العملاء
Transfer Follow-up,متابعة الحوالات
Driver Supervisor,مشرف السواقين
Container Manager,مدير الحاويات
Actual Deliveries,عدد التوصيلات الفعلية
Additional Containers,حاويات إضافية
Additional Containers in Order,حاويات إضافية بنفس الطلب
Address,العنوان
Address / Delivery Location,العنوان / موقع التسليم
Address / Location,العنوان / الموقع
Agreed Duration (Days),المدة المتفق عليها (أيام)
Alert Settings,إعدادات التنبيهات
Amount,المبلغ
Assigned Driver,السائق المسند
Assignment,الإسناد
Attachments,المرفقات
Barcode,الباركود
Branch,الفرع
Branch Name,اسم الفرع
Cash Account,الصندوق النقدي
Change Date,تاريخ الغيار
Classification,التصنيف
Client,العميل
Client Details,بيانات العميل
Client Name,اسم العميل
Commission Amount,قيمة العمولة
Confirmed By,أُكدت بواسطة
Consumed Trips,الرحلات المنفذة
Container & Schedule,الحاوية والمواعيد
Container Details,بيانات الحاوية
Container No,رقم الحاوية
Container Size,حجم الحاوية
Contract,العقد
Contract Details,بيانات التعاقد
Contract Expiry Alert (Days),التنبيه قبل انتهاء العقد بـ (أيام)
Contract Items,بنود التعاقد
Contract Payments,دفعات العقد
Contract Period From,مدة التعاقد من
Contract Period To,مدة التعاقد إلى
Contract Status,حالة العقد
Contract Type / Classification,نوع العقد / التصنيف
Contract Value,قيمة التعاقد
Contracted Containers,الحاويات المطلوبة في التعاقد
Cost,التكلفة
Current Odometer (KM),قراءة العداد الحالية (كم)
Date,التاريخ
Dates,التواريخ
Default Rental Duration (Days),مدة التأجير الافتراضية (أيام)
Delivery Date,تاريخ التوصيل
Delivery Date & Time,تاريخ ووقت التوصيل
Delivery Receipt,إيصال التسليم
Delivery Reference,مرجع التوصيلة
Delivery Schedule,موعد التوصيل
Delivery Source,مصدر التوصيل
Delivery Time,وقت التوصيل
Document Name,اسم المستند
Documents,المستندات
Driver,السائق
Driver & Supervisor,السائق والمشرف
Drivers Supervisor (User),مشرف السواقين (مستخدم النظام)
Due Date,تاريخ الاستحقاق
Entered By,أُدخل بواسطة
Expiry Alert Days,أيام التنبيه قبل انتهاء الوثائق
Expiry Alert Sent On,تاريخ إرسال تنبيه الانتهاء
Expiry Date,تاريخ الانتهاء
Fees,الرسوم
File,الملف
Generated On,تاريخ التوليد
Invoice Details,بيانات الفاتورة
Invoice Lines,بنود الفاتورة
Invoice Month,شهر الفاتورة
Invoice Total,إجمالي الفاتورة
Is Default,افتراضي
Last Container No,رقم آخر حاوية
Last Delivery Date,تاريخ آخر توصيل
Last Message Date,تاريخ آخر رسالة
Last Unload Date,تاريخ آخر تفريغ
Last Unload Request Sent On,آخر طلب تفريغ للمشرف
Last WhatsApp Message,آخر رسالة واتساب
Lines,البنود
Location,الموقع
Location Title,اسم الموقع
Maintenance Date,تاريخ الصيانة
Maintenance Log,سجل الصيانة
Maintenance Type,نوع الصيانة
Mobile No,رقم الجوال
Model (Year),الموديل (السنة)
Municipality / Unload Fee,رسوم البلدية / رسوم التفريغ
Next Change Date,تاريخ الغيار القادم
Next Change KM,كيلومتر الغيار القادم
Next Maintenance Date,تاريخ الصيانة القادمة
Next Maintenance KM,كيلومتر الصيانة القادمة
Notes,ملاحظات
Odometer (KM),العداد
Odometer at Change (KM),العداد عند الغيار (كم)
Odometer at Maintenance (KM),الكيلومترات عند الصيانة
Oil Change,غيار الزيت
Oil Change Log,سجل غيار الزيت
Order,الطلب
Order Details,بيانات الطلب
Order Status,حالة الطلب
Order Type,نوع الطلب
Outstanding,المتبقي (عليه)
Paid Amount,المدفوع
Payment,السداد
Payment & Address,الدفع والعنوان
Payment Date,تاريخ السداد
Payment Method,طريقة الدفع
Payment Received,تم استلام المبلغ
Payment Status,حالة السداد
Payment Tracking,متابعة السداد
Payments,الدفعات
Payout,الصرف
Payout Date,تاريخ الصرف
Payout Status,حالة الصرف
Period End,نهاية الفترة
Period Start,بداية الفترة
Price (Per Trip),السعر (للرحلة الواحدة)
Reference,المرجع
Reference Type,نوع المرجع
Remaining Trips,الرحلات المتبقية
Rental & Payment,التأجير والدفع
Rental Date,تاريخ التأجير
Rental Details,بيانات الإيجار
Rental Duration (Days),مدة التأجير (أيام)
Rental End Date,تاريخ انتهاء التأجير
Rental Period From,فترة الإيجار من
Rental Period To,فترة الإيجار إلى
Rental Settings,إعدادات التأجير
Rental Type,نوع الإيجار
Rental Value,قيمة التأجير
Required Delivery Date,تاريخ التوصيل المطلوب
Responsible Driver,السائق المسؤول
Sales Person,المندوب (Sales Person)
Scan Barcode,مسح الباركود
Send WhatsApp Confirmation to Client,إرسال تأكيد واتساب للعميل
Size,الحجم
Source,المصدر
Source Document,المستند المصدر
Source Type,نوع المصدر
Status,الحالة
Supervisor,المشرف
Tax Amount,الضريبة
Tax on Paid,الضرائب على المدفوع
Total,الإجمالي
Totals & Payment,الإجماليات والسداد
Totals & Trips,الإجماليات والرحلات
Tracking,المتابعة
Transfer Confirmation,تأكيد الحوالة
Transfer Confirmed On,تاريخ تأكيد الحوالة
Trip Duration (Days),مدة الرحلة (أيام)
Trip Price,سعر الرحلة
Trips Count,عدد الرحلات
Truck Details,بيانات الشاحنة
Truck Documents,مستندات الشاحنة
Unload Date,تاريخ التفريغ
Unload Reason,سبب التفريغ
Unload Reminder After (Days),تذكير العميل بالتفريغ بعد (أيام)
Value,القيمة
Vehicle No / Plate,رقم السيارة / اللوحة
Vehicle Type,نوع السيارة
WhatsApp & Follow-up,واتساب والمتابعة
WhatsApp Sent,أُرسلت واتساب
Withdrawal Date,تاريخ السحب
Main Dashboard,لوحة التحكم الرئيسية
Overdue Containers,الحاويات المتأخرة
Quick Access,الوصول السريع
Sections,الأقسام
Operations,العمليات
Contracts & Billing,العقود والفوترة
Masters,الأساسيات
Alerts & Reports,التنبيهات والتقارير
Employee Documents,مستندات الموظف
Commission Per Delivery,قيمة العمولة لكل توصيلة
Container Rental Details,بيانات تأجير الحاويات
Account Type,نوع الحساب
Rental Balance,رصيد التأجير
Delivery Locations,مواقع التسليم
Locations,العناوين / المواقع
Size Name,اسم الحجم
Container Rental System,نظام تأجير الحاويات
Maintenance & Service,الصيانة والغيار
Google Maps Link,رابط موقع قوقل
Open Location,فتح الموقع
Delivery Note No,رقم دفتر التسليم
Send Document Expiry Alerts via WhatsApp,إرسال تنبيهات الوثائق عبر الواتساب
Confirm Delivery,تأكيد التوصيل
Create Sales Invoice,إنشاء فاتورة مبيعات
Container Rental Service,خدمة تأجير حاويات
Minimum Extension (Days),أقل مدة تمديد (أيام)
Extend,تمديد
Extension Days,عدد أيام التمديد
Extension Value,قيمة التمديد
Request Unload,طلب تفريغ
Delivery Info,معلومات التوصيل
Default Driver Commission %,نسبة عمولة السائق الافتراضية %
Remind Client Before Due (Days),تذكير العميل قبل الاستحقاق بـ (أيام)
Sending WhatsApp Instance,رقم الواتساب المرسِل (Instance)
Default WhatsApp Instance,رقم الواتساب المرسِل الافتراضي
Driver Deliveries,توصيلات السائق
My Assigned Orders,طلباتي المُسندة
Commission Expense Account,حساب مصروف العمولات
Journal Entry,قيد اليومية
Are you sure you want to cancel the order?,هل أنت متأكد من إلغاء الطلب؟
Assign,إسناد
Assign Driver,إسناد سائق
Assign Driver to Order,إسناد سائق للطلب
Available Containers,الحاويات الخالية
Average Overdue (Days),متوسط مدة التأخير (يوم)
Call,اتصال
Cancel Order,إلغاء الطلب
Change,تغيير
Change Container Status,تغيير حالة الحاوية
Change Status,تغيير الحالة
Client: {0} — Delivered: {1} — Due: {2},العميل: {0} — تاريخ التوصيل: {1} — الاستحقاق: {2}
Confirm Order,تأكيد الطلب
Confirm Transfer Receipt,تأكيد وصول الحوالة
Contract No,رقم العقد
Credit Rentals,الإيجارات الآجلة
Delivery confirmed,تم تأكيد التوصيل
Driver's cash box or bank — credited against the commission expense account,صندوق السائق أو البنك — يُقيَّد عليه المبلغ مقابل حساب مصروف العمولات
Edit,تعديل
Employee Alerts,تنبيهات الموظفين
Enter the container number first,أدخل رقم الحاوية أولًا
Enter the delivery note number for credit payment,أدخل رقم دفتر التسليم للدفع الآجل
Expense Type,نوع المصروف
Expired Contracts,العقود المنتهية
Expired Contracts With Remaining Trips,العقود المنتهية ولها رحلات
Expired Permits,التصاريح المنتهية
Export Excel,تصدير Excel
Export PDF,تصدير PDF
Extend Container Rental,تمديد مدة الحاوية
"Extended — no unload needed now, you can close this screen",تم التمديد — لا حاجة للتفريغ الآن، يمكنك إغلاق هذه الشاشة
Extended — order {0} created,تم التمديد — أُنشئ الطلب {0}
From Date,من تاريخ
Generate Last Month Invoices,توليد فواتير الشهر السابق
Generate last month's contract invoices?,توليد الفواتير الشهرية للعقود عن الشهر السابق؟
Generated {0} invoices: {1},تم توليد {0} فاتورة: {1}
Last WhatsApp,آخر واتساب
Month (YYYY-MM),الشهر (YYYY-MM)
New End Date,تاريخ الانتهاء الجديد
New Status,الحالة الجديدة
No available container of this size,لا يوجد حاوية فارغة بهذا الحجم
No due commissions in the current results,لا توجد عمولات مستحقة في النتائج الحالية
No new invoices to generate,لا توجد فواتير جديدة للتوليد
No open rental record for this container,لا يوجد سجل تأجير مفتوح لهذه الحاوية
No overdue containers 🎉,لا توجد حاويات متأخرة 🎉
Not Reminded,لم يتم التذكير
Oil Change Delays,تأخيرات غيار الزيت
Overdue Containers Follow-up,متابعة الحاويات المتأخرة
Overdue Duration,مدة التأخير
Overdue Duration Range,نطاق مدة التأخير
Overdue Range,نطاق التأخير
Overdue over a week,متأخرة أكثر من أسبوع
Overdue {0} days {1} hours,متأخرة {0} يوم {1} ساعة
Paid {0} commissions and created the journal entries,تم صرف {0} عمولة وإنشاء القيود المحاسبية
Pay Listed (Journal Entry),صرف المعروض (قيد محاسبي)
Pay and Create Entry,صرف وإنشاء القيد
Pay {0} Commissions,صرف {0} عمولة
Payment Delays,تأخيرات الدفع
Payout Account,حساب الصرف
Posting Date,تاريخ القيد
Print,طباعة
Print Barcode Label,طباعة ملصق الباركود
Quick Action,إجراء سريع
Reassign Driver,إعادة إسناد سائق
Reassign Order to Another Driver,إعادة إسناد الطلب لسائق آخر
Receive Payment,استلام المبلغ
Record,تسجيل
Record Delivery,تسجيل التوصيل
Record Delivery From Contract,تسجيل توصيل من العقد
Record Payment Receipt,تسجيل استلام المبلغ
Refresh,تحديث
Renew,تجديد
Renew Contract,تجديد التعاقد
Renew Contract {0},تجديد التعاقد {0}
Rental Period,فترة التأجير
Rented Containers,الحاويات المؤجرة
Return to Available After Inspection,إعادة للمتاح بعد الفحص
Select Employee,اختر الموظف
Select Truck,اختر شاحنة
Select the container size first,اختر حجم الحاوية أولًا
Severity,درجة الخطورة
Suggest Container,اقتراح حاوية
Table / Cards View,عرض جدول / بطاقات
The extension is billed as a new order,يُحاسب التمديد بطلب جديد
This order was reassigned to another driver ({0} assignments) — see the timeline below,أُعيد إسناد هذا الطلب لسائق آخر (عدد مرات الإسناد: {0}) — راجع السجل بالأسفل
Times Assigned,عدد مرات الإسناد
To Date,إلى تاريخ
Total Containers,إجمالي عدد الحاويات
Total Overdue Containers,إجمالي الحاويات المتأخرة
Truck Alerts,تنبيهات الشاحنات
Unload request sent to the drivers supervisor,أُرسل طلب التفريغ لمشرف السواقين
Vehicle No,رقم السيارة
View,عرض
View File,عرض الملف
WhatsApp,واتساب
WhatsApp message sent to the client,أُرسلت رسالة واتساب للعميل
Withdrawn Containers,الحاويات المسحوبة
Long Credit,أجل طويل المدى
Short Credit,أجل قصير المدى
Cash,نقدي
Credit,آجل
D.Note,دفتر تسليم
Active,ساري
Expire,منتهٍ
Customer Request,طلب من العميل
Specified Period Expired,انتهاء المدة المحددة
Container Unload Request,طلب تفريغ حاوية
Request Details,بيانات الطلب
Request Type,نوع الطلب
Request Source,مصدر الطلب
Unload,تفريغ
Replace,استبدال
Period Expired,انتهاء المدة
Replacement,استبدال حاوية
Result,النتيجة
Unload Reference,مرجع التفريغ
Replacement Order,طلب الاستبدال
My Unload Requests,طلبات التفريغ المسندة لي
Confirm Unload,تأكيد التفريغ
Decline,اعتذار عن التنفيذ
"Unload confirmed, thank you",تم تأكيد التفريغ، شكرًا لك
The supervisor was notified,تم إشعار المشرف
Decline this unload request? The supervisor will assign another driver.,هل تعتذر عن تنفيذ طلب التفريغ؟ سيقوم المشرف بإسناده لسائق آخر.
Assign Driver to Unload Request,إسناد سائق لطلب التفريغ
Cancel Request,إلغاء الطلب
Cancel this unload request?,هل أنت متأكد من إلغاء طلب التفريغ؟
Replace Container,تغيير الحاوية
"Send a replace request? The delivering driver gets a WhatsApp to remove this container, and on his confirmation a new order is created for the client.",إرسال طلب استبدال؟ سيصل للسائق الموصّل واتساب لإزالة هذه الحاوية، وعند تأكيده يُنشأ طلب حاوية جديد للعميل بنفس البيانات.
Replace request {0} sent to the driver,أُرسل طلب الاستبدال {0} للسائق
Unload request {0} sent to the delivering driver,أُرسل طلب التفريغ {0} للسائق الموصّل
Unload request {0} sent to the drivers supervisor,أُرسل طلب التفريغ {0} لمشرف السواقين
Extension Authorized User,المستخدم المخوّل بالتمديد
